<metadata xml:lang="en"><Esri><CreaDate>20230304</CreaDate><CreaTime>13401700</CreaTime><ArcGISFormat>1.0</ArcGISFormat><SyncOnce>FALSE</SyncOnce><DataProperties><lineage><Process ToolSource="c:\program files\arcgis\pro\Resources\ArcToolbox\toolboxes\Data Management Tools.tbx\CreateFeatureclass" Date="20191206" Time="130109">CreateFeatureclass M:\GIS_Projects\407_VMS_Comprehensive_GIS\VMS_Comprehensive_GIS_Project.gdb Ocean_Scope Polygon # No No "GEOGCS['GCS_WGS_1984',DATUM['D_WGS_1984',SPHEROID['WGS_1984',6378137.0,298.257223563]],PRIMEM['Greenwich',0.0],UNIT['Degree',0.0174532925199433]];-400 -400 1000000000;-100000 10000;-100000 10000;8.98315284119521E-09;0.001;0.001;IsHighPrecision" # 0 0 0 #</Process><Process ToolSource="c:\program files\arcgis\pro\Resources\ArcToolbox\toolboxes\Conversion Tools.tbx\FeatureClassToFeatureClass" Date="20191206" Time="130515">FeatureClassToFeatureClass Ocean_Scope M:\GIS_Projects\407_VMS_Comprehensive_GIS\VMS_Comprehensive_GIS_Project.gdb Port_Dock_Ocean_Land_VMS_20191206 # "Shape_Length "Shape_Length" false true true 8 Double 0 0,First,#,Ocean_Scope,Shape_Length,-1,-1;Shape_Area "Shape_Area" false true true 8 Double 0 0,First,#,Ocean_Scope,Shape_Area,-1,-1;Area "Area" true true false 255 Text 0 0,First,#;Port_Name "Port_Name" true true false 255 Text 0 0,First,#;Port_Code "Port_Code" true true false 255 Text 0 0,First,#" #</Process><Process ToolSource="c:\program files\arcgis\pro\Resources\ArcToolbox\toolboxes\Data Management Tools.tbx\CalculateField" Date="20191206" Time="130540">CalculateField Port_Dock_Ocean_Land_VMS_20191206 Area "ocean" "Python 3" #</Process><Process ToolSource="c:\program files\arcgis\pro\Resources\ArcToolbox\toolboxes\Analysis Tools.tbx\Update" Date="20191206" Time="131040">Update Port_Dock_Ocean_Land_VMS_20191206 Port_Dock_Ocean_Land_VMS M:\GIS_Projects\407_VMS_Comprehensive_GIS\VMS_Comprehensive_GIS_Project.gdb\Port_Dock_Ocean_Land_VMS_20191206_Update BORDERS #</Process><Process ToolSource="c:\program files\arcgis\pro\Resources\ArcToolbox\toolboxes\Data Management Tools.tbx\UpdateSchema" Date="20191206" Time="131919">UpdateSchema "CIMDATA=&lt;CIMStandardDataConnection xsi:type='typens:CIMStandardDataConnection' xmlns:xsi='http://www.w3.org/2001/XMLSchema-instance' xmlns:xs='http://www.w3.org/2001/XMLSchema' xmlns:typens='http://www.esri.com/schemas/ArcGIS/2.4.0'&gt;&lt;WorkspaceConnectionString&gt;DATABASE=M:\GIS_Projects\407_VMS_Comprehensive_GIS\VMS_Comprehensive_GIS_Project.gdb&lt;/WorkspaceConnectionString&gt;&lt;WorkspaceFactory&gt;FileGDB&lt;/WorkspaceFactory&gt;&lt;Dataset&gt;Port_Dock_Ocean_Land_VMS_20191206_Update&lt;/Dataset&gt;&lt;DatasetType&gt;esriDTFeatureClass&lt;/DatasetType&gt;&lt;/CIMStandardDataConnection&gt;" &lt;operationSequence&gt;&lt;workflow&gt;&lt;AddField&gt;&lt;field_name&gt;Area_Comment&lt;/field_name&gt;&lt;field_type&gt;TEXT&lt;/field_type&gt;&lt;field_length&gt;255&lt;/field_length&gt;&lt;field_alias&gt;Area_Comment&lt;/field_alias&gt;&lt;field_is_nullable&gt;True&lt;/field_is_nullable&gt;&lt;field_is_required&gt;False&lt;/field_is_required&gt;&lt;/AddField&gt;&lt;/workflow&gt;&lt;/operationSequence&gt;</Process><Process ToolSource="c:\program files\arcgis\pro\Resources\ArcToolbox\toolboxes\Data Management Tools.tbx\UpdateSchema" Date="20191206" Time="132616">UpdateSchema "CIMDATA=&lt;CIMStandardDataConnection xsi:type='typens:CIMStandardDataConnection' xmlns:xsi='http://www.w3.org/2001/XMLSchema-instance' xmlns:xs='http://www.w3.org/2001/XMLSchema' xmlns:typens='http://www.esri.com/schemas/ArcGIS/2.4.0'&gt;&lt;WorkspaceConnectionString&gt;DATABASE=M:\GIS_Projects\407_VMS_Comprehensive_GIS\VMS_Comprehensive_GIS_Project.gdb&lt;/WorkspaceConnectionString&gt;&lt;WorkspaceFactory&gt;FileGDB&lt;/WorkspaceFactory&gt;&lt;Dataset&gt;Port_Dock_Ocean_Land_VMS_20191206_Update&lt;/Dataset&gt;&lt;DatasetType&gt;esriDTFeatureClass&lt;/DatasetType&gt;&lt;/CIMStandardDataConnection&gt;" &lt;operationSequence&gt;&lt;workflow&gt;&lt;AddField&gt;&lt;field_name&gt;Surface_Cost&lt;/field_name&gt;&lt;field_type&gt;SHORT&lt;/field_type&gt;&lt;field_alias&gt;Surface_Cost&lt;/field_alias&gt;&lt;field_is_nullable&gt;True&lt;/field_is_nullable&gt;&lt;field_is_required&gt;False&lt;/field_is_required&gt;&lt;/AddField&gt;&lt;/workflow&gt;&lt;/operationSequence&gt;</Process><Process ToolSource="c:\program files\arcgis\pro\Resources\ArcToolbox\toolboxes\Data Management Tools.tbx\CalculateField" Date="20191206" Time="132645">CalculateField Port_Dock_Ocean_Land_VMS_20191206_Update Surface_Cost 1 "Python 3" #</Process><Process ToolSource="c:\program files\arcgis\pro\Resources\ArcToolbox\toolboxes\Data Management Tools.tbx\CalculateField" Date="20191206" Time="132701">CalculateField Port_Dock_Ocean_Land_VMS_20191206_Update Surface_Cost 0 "Python 3" #</Process><Process ToolSource="c:\program files\arcgis\pro\Resources\ArcToolbox\toolboxes\Data Management Tools.tbx\UpdateSchema" Date="20191206" Time="134759">UpdateSchema "CIMDATA=&lt;CIMStandardDataConnection xsi:type='typens:CIMStandardDataConnection' xmlns:xsi='http://www.w3.org/2001/XMLSchema-instance' xmlns:xs='http://www.w3.org/2001/XMLSchema' xmlns:typens='http://www.esri.com/schemas/ArcGIS/2.4.0'&gt;&lt;WorkspaceConnectionString&gt;DATABASE=M:\GIS_Projects\407_VMS_Comprehensive_GIS\VMS_Comprehensive_GIS_Project.gdb&lt;/WorkspaceConnectionString&gt;&lt;WorkspaceFactory&gt;FileGDB&lt;/WorkspaceFactory&gt;&lt;Dataset&gt;Port_Dock_Ocean_Land_VMS_20191206_Update&lt;/Dataset&gt;&lt;DatasetType&gt;esriDTFeatureClass&lt;/DatasetType&gt;&lt;/CIMStandardDataConnection&gt;" &lt;operationSequence&gt;&lt;workflow&gt;&lt;AddField&gt;&lt;field_name&gt;PortID&lt;/field_name&gt;&lt;field_type&gt;SHORT&lt;/field_type&gt;&lt;field_alias&gt;PortID&lt;/field_alias&gt;&lt;field_is_nullable&gt;True&lt;/field_is_nullable&gt;&lt;field_is_required&gt;False&lt;/field_is_required&gt;&lt;/AddField&gt;&lt;/workflow&gt;&lt;/operationSequence&gt;</Process><Process ToolSource="c:\program files\arcgis\pro\Resources\ArcToolbox\toolboxes\Data Management Tools.tbx\CalculateField" Date="20191206" Time="134830">CalculateField Port_Area_VMS_20191206_Update PortID !OBJECTID! "Python 3" #</Process><Process ToolSource="c:\program files\arcgis\pro\Resources\ArcToolbox\toolboxes\Data Management Tools.tbx\UpdateSchema" Date="20191209" Time="144119">UpdateSchema "CIMDATA=&lt;CIMStandardDataConnection xsi:type='typens:CIMStandardDataConnection' xmlns:xsi='http://www.w3.org/2001/XMLSchema-instance' xmlns:xs='http://www.w3.org/2001/XMLSchema' xmlns:typens='http://www.esri.com/schemas/ArcGIS/2.4.0'&gt;&lt;WorkspaceConnectionString&gt;DATABASE=M:\GIS_Projects\407_VMS_Comprehensive_GIS\VMS_Comprehensive_GIS_Project.gdb&lt;/WorkspaceConnectionString&gt;&lt;WorkspaceFactory&gt;FileGDB&lt;/WorkspaceFactory&gt;&lt;Dataset&gt;Port_Dock_Ocean_Land_VMS_20191206_Update&lt;/Dataset&gt;&lt;DatasetType&gt;esriDTFeatureClass&lt;/DatasetType&gt;&lt;/CIMStandardDataConnection&gt;" &lt;operationSequence&gt;&lt;workflow&gt;&lt;AddField&gt;&lt;field_name&gt;Jurisdiction&lt;/field_name&gt;&lt;field_type&gt;TEXT&lt;/field_type&gt;&lt;field_length&gt;255&lt;/field_length&gt;&lt;field_alias&gt;Jurisdiction&lt;/field_alias&gt;&lt;field_is_nullable&gt;True&lt;/field_is_nullable&gt;&lt;field_is_required&gt;False&lt;/field_is_required&gt;&lt;/AddField&gt;&lt;/workflow&gt;&lt;/operationSequence&gt;</Process><Process ToolSource="c:\program files\arcgis\pro\Resources\ArcToolbox\toolboxes\Data Management Tools.tbx\UpdateSchema" Date="20191209" Time="144334">UpdateSchema "CIMDATA=&lt;CIMStandardDataConnection xsi:type='typens:CIMStandardDataConnection' xmlns:xsi='http://www.w3.org/2001/XMLSchema-instance' xmlns:xs='http://www.w3.org/2001/XMLSchema' xmlns:typens='http://www.esri.com/schemas/ArcGIS/2.4.0'&gt;&lt;WorkspaceConnectionString&gt;DATABASE=M:\GIS_Projects\407_VMS_Comprehensive_GIS\VMS_Comprehensive_GIS_Project.gdb&lt;/WorkspaceConnectionString&gt;&lt;WorkspaceFactory&gt;FileGDB&lt;/WorkspaceFactory&gt;&lt;Dataset&gt;Port_Dock_Ocean_Land_VMS_20191206_Update&lt;/Dataset&gt;&lt;DatasetType&gt;esriDTFeatureClass&lt;/DatasetType&gt;&lt;/CIMStandardDataConnection&gt;" &lt;operationSequence&gt;&lt;workflow&gt;&lt;AddField&gt;&lt;field_name&gt;Area_Name&lt;/field_name&gt;&lt;field_type&gt;TEXT&lt;/field_type&gt;&lt;field_length&gt;255&lt;/field_length&gt;&lt;field_alias&gt;Area_Name&lt;/field_alias&gt;&lt;field_is_nullable&gt;True&lt;/field_is_nullable&gt;&lt;field_is_required&gt;False&lt;/field_is_required&gt;&lt;/AddField&gt;&lt;/workflow&gt;&lt;/operationSequence&gt;</Process><Process ToolSource="c:\program files\arcgis\pro\Resources\ArcToolbox\toolboxes\Data Management Tools.tbx\UpdateSchema" Date="20191210" Time="084654">UpdateSchema "CIMDATA=&lt;CIMStandardDataConnection xsi:type='typens:CIMStandardDataConnection' xmlns:xsi='http://www.w3.org/2001/XMLSchema-instance' xmlns:xs='http://www.w3.org/2001/XMLSchema' xmlns:typens='http://www.esri.com/schemas/ArcGIS/2.4.0'&gt;&lt;WorkspaceConnectionString&gt;DATABASE=M:\GIS_Projects\407_VMS_Comprehensive_GIS\VMS_Comprehensive_GIS_Project.gdb&lt;/WorkspaceConnectionString&gt;&lt;WorkspaceFactory&gt;FileGDB&lt;/WorkspaceFactory&gt;&lt;Dataset&gt;Port_Dock_Ocean_Land_VMS_20191206_Update&lt;/Dataset&gt;&lt;DatasetType&gt;esriDTFeatureClass&lt;/DatasetType&gt;&lt;/CIMStandardDataConnection&gt;" &lt;operationSequence&gt;&lt;workflow&gt;&lt;AddField&gt;&lt;field_name&gt;Land_Type&lt;/field_name&gt;&lt;field_type&gt;TEXT&lt;/field_type&gt;&lt;field_length&gt;255&lt;/field_length&gt;&lt;field_alias&gt;Land_Type&lt;/field_alias&gt;&lt;field_is_nullable&gt;True&lt;/field_is_nullable&gt;&lt;field_is_required&gt;False&lt;/field_is_required&gt;&lt;/AddField&gt;&lt;/workflow&gt;&lt;/operationSequence&gt;</Process><Process ToolSource="c:\program files\arcgis\pro\Resources\ArcToolbox\toolboxes\Analysis Tools.tbx\Update" Date="20191211" Time="112505">Update Port_Dock_Ocean_Land_VMS tmp_Land_Additions M:\GIS_Projects\407_VMS_Comprehensive_GIS\VMS_Comprehensive_GIS_Project.gdb\Port_Dock_Ocean_Land_VMS_20191211_Update BORDERS #</Process><Process ToolSource="c:\program files\arcgis\pro\Resources\ArcToolbox\toolboxes\Data Management Tools.tbx\Append" Date="20191211" Time="140812">Append tmp_OceansState_SinglePart Port_Dock_Ocean_Land_VMS_20191211_Update_Ocean "Use the Field Map to reconcile schema differences" "Area "Area" true true false 255 Text 0 0,First,#,tmp_OceansState_SinglePart,Area,0,255;Port_Name "Port_Name" true true false 255 Text 0 0,First,#,tmp_OceansState_SinglePart,Port_Name,0,255;Port_Code "Port_Code" true true false 255 Text 0 0,First,#,tmp_OceansState_SinglePart,Port_Code,0,255;Area_Comment "Area_Comment" true true false 255 Text 0 0,First,#,tmp_OceansState_SinglePart,Area_Comment,0,255;Surface_Cost "Surface_Cost" true true false 2 Short 0 0,First,#,tmp_OceansState_SinglePart,Surface_Cost,-1,-1;PortID "PortID" true true false 2 Short 0 0,First,#,tmp_OceansState_SinglePart,PortID,-1,-1;Jurisdiction "Jurisdiction" true true false 255 Text 0 0,First,#,tmp_OceansState_SinglePart,Jurisdiction,0,255;Area_Name "Area_Name" true true false 255 Text 0 0,First,#,tmp_OceansState_SinglePart,Area_Name,0,255;Land_Type "Land_Type" true true false 255 Text 0 0,First,#,tmp_OceansState_SinglePart,Land_Type,0,255" # #</Process><Process ToolSource="c:\program files\arcgis\pro\Resources\ArcToolbox\toolboxes\Data Management Tools.tbx\Append" Date="20191212" Time="074601">Append tmp_PacificOcean_Singlepart Port_Dock_Ocean_Land_VMS_20191211_Update_Ocean "Use the Field Map to reconcile schema differences" "Area "Area" true true false 255 Text 0 0,First,#,tmp_PacificOcean_Singlepart,Area,0,255;Port_Name "Port_Name" true true false 255 Text 0 0,First,#,tmp_PacificOcean_Singlepart,Port_Name,0,255;Port_Code "Port_Code" true true false 255 Text 0 0,First,#,tmp_PacificOcean_Singlepart,Port_Code,0,255;Area_Comment "Area_Comment" true true false 255 Text 0 0,First,#,tmp_PacificOcean_Singlepart,Area_Comment,0,255;Surface_Cost "Surface_Cost" true true false 2 Short 0 0,First,#,tmp_PacificOcean_Singlepart,Surface_Cost,-1,-1;PortID "PortID" true true false 2 Short 0 0,First,#,tmp_PacificOcean_Singlepart,PortID,-1,-1;Jurisdiction "Jurisdiction" true true false 255 Text 0 0,First,#,tmp_PacificOcean_Singlepart,Jurisdiction,0,255;Area_Name "Area_Name" true true false 255 Text 0 0,First,#,tmp_PacificOcean_Singlepart,Area_Name,0,255;Land_Type "Land_Type" true true false 255 Text 0 0,First,#,tmp_PacificOcean_Singlepart,Land_Type,0,255" # #</Process><Process ToolSource="c:\program files\arcgis\pro\Resources\ArcToolbox\toolboxes\Conversion Tools.tbx\FeatureClassToFeatureClass" Date="20191212" Time="080945">FeatureClassToFeatureClass Port_Dock_Ocean_Land_VMS_20191211_Update D:\GIS\Projects\AKFIN\VMS_Comprehensive_GIS_Processing.gdb Port_Dock_Ocean_Land_VMS_20191212 # "Area "Area" true true false 255 Text 0 0,First,#,Port_Dock_Ocean_Land_VMS_20191211_Update,Area,0,255;Port_Name "Port_Name" true true false 255 Text 0 0,First,#,Port_Dock_Ocean_Land_VMS_20191211_Update,Port_Name,0,255;Port_Code "Port_Code" true true false 255 Text 0 0,First,#,Port_Dock_Ocean_Land_VMS_20191211_Update,Port_Code,0,255;Area_Comment "Area_Comment" true true false 255 Text 0 0,First,#,Port_Dock_Ocean_Land_VMS_20191211_Update,Area_Comment,0,255;Surface_Cost "Surface_Cost" true true false 2 Short 0 0,First,#,Port_Dock_Ocean_Land_VMS_20191211_Update,Surface_Cost,-1,-1;PortID "PortID" true true false 2 Short 0 0,First,#,Port_Dock_Ocean_Land_VMS_20191211_Update,PortID,-1,-1;Jurisdiction "Jurisdiction" true true false 255 Text 0 0,First,#,Port_Dock_Ocean_Land_VMS_20191211_Update,Jurisdiction,0,255;Area_Name "Area_Name" true true false 255 Text 0 0,First,#,Port_Dock_Ocean_Land_VMS_20191211_Update,Area_Name,0,255;Land_Type "Land_Type" true true false 255 Text 0 0,First,#,Port_Dock_Ocean_Land_VMS_20191211_Update,Land_Type,0,255;Shape_Length "Shape_Length" false true true 8 Double 0 0,First,#,Port_Dock_Ocean_Land_VMS_20191211_Update,Shape_Length,-1,-1;Shape_Area "Shape_Area" false true true 8 Double 0 0,First,#,Port_Dock_Ocean_Land_VMS_20191211_Update,Shape_Area,-1,-1" #</Process><Process ToolSource="c:\program files\arcgis\pro\Resources\ArcToolbox\toolboxes\Analysis Tools.tbx\Update" Date="20191212" Time="111037">Update Port_Dock_Ocean_Land_VMS_20191212 tmp_Land_Additions D:\GIS\Projects\AKFIN\VMS_Comprehensive_GIS_Processing.gdb\Port_Dock_Ocean_Land_VMS_20191212_Update BORDERS #</Process><Process ToolSource="c:\program files\arcgis\pro\Resources\ArcToolbox\toolboxes\Conversion Tools.tbx\FeatureClassToFeatureClass" Date="20191212" Time="111229">FeatureClassToFeatureClass Port_Dock_Ocean_Land_VMS_20191212_Update D:\GIS\Projects\AKFIN\VMS_Comprehensive_GIS_Processing.gdb Port_Dock_Ocean_Land_VMS_20191212 # "Area "Area" true true false 255 Text 0 0,First,#,Port_Dock_Ocean_Land_VMS_20191212_Update,Area,0,255;Port_Name "Port_Name" true true false 255 Text 0 0,First,#,Port_Dock_Ocean_Land_VMS_20191212_Update,Port_Name,0,255;Port_Code "Port_Code" true true false 255 Text 0 0,First,#,Port_Dock_Ocean_Land_VMS_20191212_Update,Port_Code,0,255;Area_Comment "Area_Comment" true true false 255 Text 0 0,First,#,Port_Dock_Ocean_Land_VMS_20191212_Update,Area_Comment,0,255;Surface_Cost "Surface_Cost" true true false 2 Short 0 0,First,#,Port_Dock_Ocean_Land_VMS_20191212_Update,Surface_Cost,-1,-1;PortID "PortID" true true false 2 Short 0 0,First,#,Port_Dock_Ocean_Land_VMS_20191212_Update,PortID,-1,-1;Jurisdiction "Jurisdiction" true true false 255 Text 0 0,First,#,Port_Dock_Ocean_Land_VMS_20191212_Update,Jurisdiction,0,255;Area_Name "Area_Name" true true false 255 Text 0 0,First,#,Port_Dock_Ocean_Land_VMS_20191212_Update,Area_Name,0,255;Land_Type "Land_Type" true true false 255 Text 0 0,First,#,Port_Dock_Ocean_Land_VMS_20191212_Update,Land_Type,0,255;Shape_Length "Shape_Length" false true true 8 Double 0 0,First,#,Port_Dock_Ocean_Land_VMS_20191212_Update,Shape_Length,-1,-1;Shape_Area "Shape_Area" false true true 8 Double 0 0,First,#,Port_Dock_Ocean_Land_VMS_20191212_Update,Shape_Area,-1,-1" #</Process><Process ToolSource="c:\program files\arcgis\pro\Resources\ArcToolbox\toolboxes\Data Management Tools.tbx\Dissolve" Date="20191213" Time="142748">Dissolve Port_Dock_Ocean_Land_VMS_20191212 D:\GIS\Projects\AKFIN\VMS_Comprehensive_GIS_Processing.gdb\Processing_Extent # # SINGLE_PART DISSOLVE_LINES</Process><Process ToolSource="c:\program files\arcgis\pro\Resources\ArcToolbox\toolboxes\Conversion Tools.tbx\FeatureClassToFeatureClass" Date="20220307" Time="160200">FeatureClassToFeatureClass Processing_Extent C:\GIS\VMS\VMS_Comprehensive_GIS_Processing.gdb Processing_Extent_V2 # "Shape_Length "Shape_Length" false true true 8 Double 0 0,First,#,Processing_Extent,Shape_Length,-1,-1;Shape_Area "Shape_Area" false true true 8 Double 0 0,First,#,Processing_Extent,Shape_Area,-1,-1" #</Process><Process ToolSource="c:\program files\arcgis\pro\Resources\ArcToolbox\toolboxes\Data Management Tools.tbx\AddFields" Date="20220308" Time="062658">AddFields Processing_Extent_V2 "EXT_MIN_X DOUBLE # # # #;EXT_MIN_Y DOUBLE # # # #;EXT_MAX_X DOUBLE # # # #;EXT_MAX_Y DOUBLE # # # #"</Process><Process ToolSource="c:\program files\arcgis\pro\Resources\ArcToolbox\toolboxes\Data Management Tools.tbx\AddGeometryAttributes" Date="20220308" Time="062658">AddGeometryAttributes Processing_Extent_V2 EXTENT # # GEOGCS["GCS_WGS_1984",DATUM["D_WGS_1984",SPHEROID["WGS_1984",6378137.0,298.257223563]],PRIMEM["Greenwich",0.0],UNIT["Degree",0.0174532925199433]]</Process><Process ToolSource="c:\program files\arcgis\pro\Resources\ArcToolbox\toolboxes\Conversion Tools.tbx\FeatureClassToFeatureClass" Date="20220308" Time="063728">FeatureClassToFeatureClass Processing_Extent_V2 C:\GIS\VMS\VMS_GIS_Processing_Data.gdb VMS_Areas_V2 # "Shape_Length "Shape_Length" false true true 8 Double 0 0,First,#,Processing_Extent_V2,Shape_Length,-1,-1;Shape_Area "Shape_Area" false true true 8 Double 0 0,First,#,Processing_Extent_V2,Shape_Area,-1,-1;EXT_MIN_X "EXT_MIN_X" true true false 8 Double 0 0,First,#,Processing_Extent_V2,EXT_MIN_X,-1,-1;EXT_MIN_Y "EXT_MIN_Y" true true false 8 Double 0 0,First,#,Processing_Extent_V2,EXT_MIN_Y,-1,-1;EXT_MAX_X "EXT_MAX_X" true true false 8 Double 0 0,First,#,Processing_Extent_V2,EXT_MAX_X,-1,-1;EXT_MAX_Y "EXT_MAX_Y" true true false 8 Double 0 0,First,#,Processing_Extent_V2,EXT_MAX_Y,-1,-1" #</Process><Process ToolSource="c:\program files\arcgis\pro\Resources\ArcToolbox\toolboxes\Data Management Tools.tbx\UpdateSchema" Date="20220322" Time="101242">UpdateSchema "CIMDATA=&lt;CIMStandardDataConnection xsi:type='typens:CIMStandardDataConnection' xmlns:xsi='http://www.w3.org/2001/XMLSchema-instance' xmlns:xs='http://www.w3.org/2001/XMLSchema' xmlns:typens='http://www.esri.com/schemas/ArcGIS/2.9.0'&gt;&lt;WorkspaceConnectionString&gt;DATABASE=C:\GIS\VMS\VMS_GIS_Processing_Data.gdb&lt;/WorkspaceConnectionString&gt;&lt;WorkspaceFactory&gt;FileGDB&lt;/WorkspaceFactory&gt;&lt;Dataset&gt;VMS_Areas_V2&lt;/Dataset&gt;&lt;DatasetType&gt;esriDTFeatureClass&lt;/DatasetType&gt;&lt;/CIMStandardDataConnection&gt;" &lt;operationSequence&gt;&lt;workflow&gt;&lt;AddField&gt;&lt;field_name&gt;Processing_Area&lt;/field_name&gt;&lt;field_type&gt;TEXT&lt;/field_type&gt;&lt;field_length&gt;255&lt;/field_length&gt;&lt;field_alias&gt;Processing_Area&lt;/field_alias&gt;&lt;field_is_nullable&gt;True&lt;/field_is_nullable&gt;&lt;field_is_required&gt;False&lt;/field_is_required&gt;&lt;/AddField&gt;&lt;/workflow&gt;&lt;/operationSequence&gt;</Process><Process ToolSource="c:\program files\arcgis\pro\Resources\ArcToolbox\toolboxes\Conversion Tools.tbx\FeatureClassToFeatureClass" Date="20220829" Time="123702">FeatureClassToFeatureClass VMS_Areas_V2 D:\VMS\VMS_Scratch_Space.gdb tesVMSAreas_V2_Densify # "EXT_MIN_X "EXT_MIN_X" true true false 8 Double 0 0,First,#,VMS_Areas_V2,EXT_MIN_X,-1,-1;EXT_MIN_Y "EXT_MIN_Y" true true false 8 Double 0 0,First,#,VMS_Areas_V2,EXT_MIN_Y,-1,-1;EXT_MAX_X "EXT_MAX_X" true true false 8 Double 0 0,First,#,VMS_Areas_V2,EXT_MAX_X,-1,-1;EXT_MAX_Y "EXT_MAX_Y" true true false 8 Double 0 0,First,#,VMS_Areas_V2,EXT_MAX_Y,-1,-1;Shape_Length "Shape_Length" false true true 8 Double 0 0,First,#,VMS_Areas_V2,Shape_Length,-1,-1;Shape_Area "Shape_Area" false true true 8 Double 0 0,First,#,VMS_Areas_V2,Shape_Area,-1,-1;Processing_Area "Processing_Area" true true false 255 Text 0 0,First,#,VMS_Areas_V2,Processing_Area,0,255" #</Process><Process ToolSource="c:\program files\arcgis\pro\Resources\ArcToolbox\toolboxes\Editing Tools.tbx\Densify" Date="20220829" Time="123715">Densify tesVMSAreas_V2_Densify Distance "10 Kilometers" "0.0000009 DecimalDegrees" 10 #</Process><Process ToolSource="c:\program files\arcgis\pro\Resources\ArcToolbox\toolboxes\Data Management Tools.tbx\Dissolve" Date="20220829" Time="123746">Dissolve tesVMSAreas_V2_Densify C:\GIS\VMS\VMS_Processing.gdb\VMS_Processing_Areas_V2 Processing_Area # SINGLE_PART DISSOLVE_LINES #</Process><Process ToolSource="c:\program files\arcgis\pro\Resources\ArcToolbox\toolboxes\Data Management Tools.tbx\Project" Date="20220829" Time="123807">Project VMS_Processing_Areas_V2 C:\GIS\VMS\VMS_Processing.gdb\VMS_Processing_Areas_V2_prj GEOGCS["GCS_WGS_1984",DATUM["D_WGS_1984",SPHEROID["WGS_1984",6378137.0,298.257223563]],PRIMEM["Greenwich",0.0],UNIT["Degree",0.0174532925199433]] # PROJCS["World_Goode_Homolosine_Ocean",GEOGCS["GCS_WGS_1984",DATUM["D_WGS_1984",SPHEROID["WGS_1984",6378137.0,298.257223563]],PRIMEM["Greenwich",0.0],UNIT["Degree",0.0174532925199433]],PROJECTION["Goode_Homolosine"],PARAMETER["False_Easting",0.0],PARAMETER["False_Northing",0.0],PARAMETER["Central_Meridian",-160.0],PARAMETER["Option",2.0],UNIT["Meter",1.0]] NO_PRESERVE_SHAPE "100 Meters" NO_VERTICAL</Process><Process ToolSource="c:\program files\arcgis\pro\Resources\ArcToolbox\toolboxes\Data Management Tools.tbx\CopyMultiple" Date="20230304" Time="134018">CopyMultiple "C:\GIS\VMS\VMS_Processing.gdb\VMS_Processing_Areas_V2_prj FeatureClass" D:\VMS\Comp_VMS\Comp_VMS_V2\Comp_VMS_V2.gdb VMS_Processing_Areas_V2_prj "VMS_Processing_Areas_V2_prj FeatureClass VMS_Processing_Areas_V2_prj #"</Process><Process ToolSource="c:\program files\arcgis\pro\Resources\ArcToolbox\toolboxes\Data Management Tools.tbx\Rename" Date="20230304" Time="134442">Rename D:\VMS\Comp_VMS\Comp_VMS_V2\Comp_VMS_V2.gdb\VMS_Processing_Areas_V2_prj D:\VMS\Comp_VMS\Comp_VMS_V2\Comp_VMS_V2.gdb\VMS_Processing_Areas_V2 FeatureClass</Process><Process ToolSource="c:\program files\arcgis\pro\Resources\ArcToolbox\toolboxes\Data Management Tools.tbx\UpdateSchema" Date="20230502" Time="163629">UpdateSchema "CIMDATA=&lt;CIMStandardDataConnection xsi:type='typens:CIMStandardDataConnection' xmlns:xsi='http://www.w3.org/2001/XMLSchema-instance' xmlns:xs='http://www.w3.org/2001/XMLSchema' xmlns:typens='http://www.esri.com/schemas/ArcGIS/3.1.0'&gt;&lt;WorkspaceConnectionString&gt;DATABASE=D:\VMS\Comp_VMS\Comp_VMS_V2\Comp_VMS_V2.gdb&lt;/WorkspaceConnectionString&gt;&lt;WorkspaceFactory&gt;FileGDB&lt;/WorkspaceFactory&gt;&lt;Dataset&gt;VMS_Processing_Areas_V2&lt;/Dataset&gt;&lt;DatasetType&gt;esriDTFeatureClass&lt;/DatasetType&gt;&lt;/CIMStandardDataConnection&gt;" &lt;operationSequence&gt;&lt;workflow&gt;&lt;AddField&gt;&lt;field_name&gt;Processing_AreaID&lt;/field_name&gt;&lt;field_type&gt;LONG&lt;/field_type&gt;&lt;field_is_nullable&gt;True&lt;/field_is_nullable&gt;&lt;field_is_required&gt;False&lt;/field_is_required&gt;&lt;/AddField&gt;&lt;/workflow&gt;&lt;/operationSequence&gt;</Process><Process ToolSource="c:\program files\arcgis\pro\Resources\ArcToolbox\toolboxes\Data Management Tools.tbx\Rename" Date="20230502" Time="163805">Rename D:\VMS\Comp_VMS\Comp_VMS_V2\Comp_VMS_V2.gdb\VMS_Processing_Areas_V2 D:\VMS\Comp_VMS\Comp_VMS_V2\Comp_VMS_V2.gdb\Processing_Areas_V2 FeatureClass</Process><Process ToolSource="c:\program files\arcgis\pro\Resources\ArcToolbox\toolboxes\Data Management Tools.tbx\Rename" Date="20230502" Time="164943">Rename D:\VMS\Comp_VMS\Comp_VMS_V2\Comp_VMS_V2.gdb\Processing_Areas_V2 D:\VMS\Comp_VMS\Comp_VMS_V2\Comp_VMS_V2.gdb\PacVes_Processing_Areas FeatureClass</Process><Process ToolSource="c:\program files\arcgis\pro\Resources\ArcToolbox\toolboxes\Data Management Tools.tbx\Append" Date="20231130" Time="065229">Append VesArea_4 PacVes_Processing_Areas "Use the field map to reconcile field differences" "Processing_Area "Processing_Area" true true false 255 Text 0 0,First,#,D:\VMS\Comp_VMS\Comp_VMS_V2\VesAreasBuild.gdb\VesArea_4,Processing_Area,0,254;Processing_AreaID "Processing_AreaID" true true false 4 Long 0 0,First,#,D:\VMS\Comp_VMS\Comp_VMS_V2\VesAreasBuild.gdb\VesArea_4,Processing_AreaID,-1,-1" # # # NOT_UPDATE_GEOMETRY</Process><Process Name="Pairwise Erase" ToolSource="c:\program files\arcgis\pro\Resources\ArcToolbox\toolboxes\Analysis Tools.tbx\PairwiseErase" Date="20231201" Time="090845">PairwiseErase D:\VMS\Comp_VMS\Comp_VMS_V2\Comp_VMS_V2.gdb\PacVes_Processing_Areas D:\VMS\Comp_VMS\Comp_VMS_V2\VesAreasBuild.gdb\PacVes_Land D:\VMS\Comp_VMS\Comp_VMS_V2\VesAreasBuild.gdb\PacVes_Water #</Process><Process Name="Add Fields (multiple)" ToolSource="c:\program files\arcgis\pro\Resources\ArcToolbox\toolboxes\Data Management Tools.tbx\AddFields" Date="20231201" Time="090845">AddFields D:\VMS\Comp_VMS\Comp_VMS_V2\VesAreasBuild.gdb\PacVes_Water "Area TEXT # 255 # #" #</Process><Process Name="Calculate Field Area = ocean" ToolSource="c:\program files\arcgis\pro\Resources\ArcToolbox\toolboxes\Data Management Tools.tbx\CalculateField" Date="20231201" Time="090846">CalculateField D:\VMS\Comp_VMS\Comp_VMS_V2\VesAreasBuild.gdb\PacVes_Water Area "ocean" Python # Text NO_ENFORCE_DOMAINS</Process><Process ToolSource="c:\program files\arcgis\pro\Resources\ArcToolbox\toolboxes\Conversion Tools.tbx\ExportFeatures" Date="20231226" Time="125611">ExportFeatures PacVes_Water C:\GIS\PacVes\PacVes_Areas_Build.gdb\PacVes_EEZ # NOT_USE_ALIAS "Processing_Area "Processing_Area" true true false 255 Text 0 0,First,#,PacVes_Water,Processing_Area,0,254;Processing_AreaID "Processing_AreaID" true true false 4 Long 0 0,First,#,PacVes_Water,Processing_AreaID,-1,-1;Shape_Length "Shape_Length" false true true 8 Double 0 0,First,#,PacVes_Water,Shape_Length,-1,-1;Shape_Area "Shape_Area" false true true 8 Double 0 0,First,#,PacVes_Water,Shape_Area,-1,-1;Area "Area" true true false 255 Text 0 0,First,#,PacVes_Water,Area,0,254" #</Process><Process ToolSource="c:\program files\arcgis\pro\Resources\ArcToolbox\toolboxes\Data Management Tools.tbx\MultipartToSinglepart" Date="20231226" Time="131240">MultipartToSinglepart PacVes_EEZ C:\GIS\PacVes\PacVes_Areas_Build.gdb\PacVes_EEZ_SinglePart</Process><Process ToolSource="c:\program files\arcgis\pro\Resources\ArcToolbox\toolboxes\Conversion Tools.tbx\ExportFeatures" Date="20240516" Time="110826">ExportFeatures PacVes_EEZ_SinglePart C:\GIS\PacVes\SharedData\West_Coast_EEZ_PacVes.shp # NOT_USE_ALIAS "Processing_Area "Processing_Area" true true false 255 Text 0 0,First,#,PacVes_EEZ_SinglePart,Processing_Area,0,254;Processing_AreaID "Processing_AreaID" true true false 4 Long 0 0,First,#,PacVes_EEZ_SinglePart,Processing_AreaID,-1,-1;Area "Area" true true false 255 Text 0 0,First,#,PacVes_EEZ_SinglePart,Area,0,254;ORIG_FID "ORIG_FID" true true false 4 Long 0 0,First,#,PacVes_EEZ_SinglePart,ORIG_FID,-1,-1;Shape_Length "Shape_Length" false true true 8 Double 0 0,First,#,PacVes_EEZ_SinglePart,Shape_Length,-1,-1;Shape_Area "Shape_Area" false true true 8 Double 0 0,First,#,PacVes_EEZ_SinglePart,Shape_Area,-1,-1" #</Process></lineage><itemProps><itemName Sync="TRUE">West_Coast_EEZ_PacVes</itemName><imsContentType Sync="TRUE">002</imsContentType><itemLocation><linkage Sync="TRUE">file://\\GIS-WS-W10\C$\GIS\PacVes\SharedData\West_Coast_EEZ_PacVes.shp</linkage><protocol Sync="TRUE">Local Area Network</protocol></itemLocation><itemSize Sync="TRUE">0.000</itemSize></itemProps><coordRef><type Sync="TRUE">Geographic</type><geogcsn Sync="TRUE">GCS_WGS_1984</geogcsn><csUnits Sync="TRUE">Angular Unit: Degree (0.017453)</csUnits><peXml Sync="TRUE">&lt;GeographicCoordinateSystem xsi:type='typens:GeographicCoordinateSystem' xmlns:xsi='http://www.w3.org/2001/XMLSchema-instance' xmlns:xs='http://www.w3.org/2001/XMLSchema' xmlns:typens='http://www.esri.com/schemas/ArcGIS/3.3.0'&gt;&lt;WKT&gt;GEOGCS[&amp;quot;GCS_WGS_1984&amp;quot;,DATUM[&amp;quot;D_WGS_1984&amp;quot;,SPHEROID[&amp;quot;WGS_1984&amp;quot;,6378137.0,298.257223563]],PRIMEM[&amp;quot;Greenwich&amp;quot;,0.0],UNIT[&amp;quot;Degree&amp;quot;,0.0174532925199433],AUTHORITY[&amp;quot;EPSG&amp;quot;,4326]]&lt;/WKT&gt;&lt;XOrigin&gt;-400&lt;/XOrigin&gt;&lt;YOrigin&gt;-400&lt;/YOrigin&gt;&lt;XYScale&gt;11258999068426.238&lt;/XYScale&gt;&lt;ZOrigin&gt;-100000&lt;/ZOrigin&gt;&lt;ZScale&gt;10000&lt;/ZScale&gt;&lt;MOrigin&gt;-100000&lt;/MOrigin&gt;&lt;MScale&gt;10000&lt;/MScale&gt;&lt;XYTolerance&gt;8.983152841195215e-09&lt;/XYTolerance&gt;&lt;ZTolerance&gt;0.001&lt;/ZTolerance&gt;&lt;MTolerance&gt;0.001&lt;/MTolerance&gt;&lt;HighPrecision&gt;true&lt;/HighPrecision&gt;&lt;LeftLongitude&gt;-180&lt;/LeftLongitude&gt;&lt;WKID&gt;4326&lt;/WKID&gt;&lt;LatestWKID&gt;4326&lt;/LatestWKID&gt;&lt;/GeographicCoordinateSystem&gt;</peXml></coordRef></DataProperties><SyncDate>20240516</SyncDate><SyncTime>11082600</SyncTime><ModDate>20240516</ModDate><ModTime>11082600</ModTime></Esri><dataIdInfo><envirDesc Sync="TRUE">Microsoft Windows 10 Version 10.0 (Build 19045) ; Esri ArcGIS 13.3.0.52636</envirDesc><dataLang><languageCode value="eng" Sync="TRUE"></languageCode><countryCode value="USA" Sync="TRUE"></countryCode></dataLang><idCitation><resTitle Sync="TRUE">West_Coast_EEZ_PacVes</resTitle><presForm><PresFormCd value="005" Sync="TRUE"></PresFormCd></presForm></idCitation><spatRpType><SpatRepTypCd value="001" Sync="TRUE"></SpatRepTypCd></spatRpType></dataIdInfo><mdLang><languageCode value="eng" Sync="TRUE"></languageCode><countryCode value="USA" Sync="TRUE"></countryCode></mdLang><distInfo><distFormat><formatName Sync="TRUE">Shapefile</formatName></distFormat><distTranOps><transSize Sync="TRUE">0.000</transSize></distTranOps></distInfo><mdHrLv><ScopeCd value="005" Sync="TRUE"></ScopeCd></mdHrLv><mdHrLvName Sync="TRUE">dataset</mdHrLvName><refSysInfo><RefSystem><refSysID><identCode code="4326" Sync="TRUE"></identCode><idCodeSpace Sync="TRUE">EPSG</idCodeSpace><idVersion Sync="TRUE">6.2(3.0.1)</idVersion></refSysID></RefSystem></refSysInfo><spatRepInfo><VectSpatRep><geometObjs Name="West_Coast_EEZ_PacVes"><geoObjTyp><GeoObjTypCd value="002" Sync="TRUE"></GeoObjTypCd></geoObjTyp><geoObjCnt Sync="TRUE">0</geoObjCnt></geometObjs><topLvl><TopoLevCd value="001" Sync="TRUE"></TopoLevCd></topLvl></VectSpatRep></spatRepInfo><spdoinfo><ptvctinf><esriterm Name="West_Coast_EEZ_PacVes"><efeatyp Sync="TRUE">Simple</efeatyp><efeageom code="4" Sync="TRUE"></efeageom><esritopo Sync="TRUE">FALSE</esritopo><efeacnt Sync="TRUE">0</efeacnt><spindex Sync="TRUE">FALSE</spindex><linrefer Sync="TRUE">FALSE</linrefer></esriterm></ptvctinf></spdoinfo><eainfo><detailed Name="West_Coast_EEZ_PacVes"><enttyp><enttypl Sync="TRUE">West_Coast_EEZ_PacVes</enttypl><enttypt Sync="TRUE">Feature Class</enttypt><enttypc Sync="TRUE">0</enttypc></enttyp><attr><attrlabl Sync="TRUE">FID</attrlabl><attalias Sync="TRUE">FID</attalias><attrtype Sync="TRUE">OID</attrtype><attwidth Sync="TRUE">4</attwidth><atprecis Sync="TRUE">0</atprecis><attscale Sync="TRUE">0</attscale><attrdef Sync="TRUE">Internal feature number.</attrdef><attrdefs Sync="TRUE">Esri</attrdefs><attrdomv><udom Sync="TRUE">Sequential unique whole numbers that are automatically generated.</udom></attrdomv></attr><attr><attrlabl Sync="TRUE">Shape</attrlabl><attalias Sync="TRUE">Shape</attalias><attrtype Sync="TRUE">Geometry</attrtype><attwidth Sync="TRUE">0</attwidth><atprecis Sync="TRUE">0</atprecis><attscale Sync="TRUE">0</attscale><attrdef Sync="TRUE">Feature geometry.</attrdef><attrdefs Sync="TRUE">Esri</attrdefs><attrdomv><udom Sync="TRUE">Coordinates defining the features.</udom></attrdomv></attr><attr><attrlabl Sync="TRUE">Processing</attrlabl><attalias Sync="TRUE">Processing</attalias><attrtype Sync="TRUE">String</attrtype><attwidth Sync="TRUE">254</attwidth><atprecis Sync="TRUE">0</atprecis><attscale Sync="TRUE">0</attscale></attr><attr><attrlabl Sync="TRUE">Processi_1</attrlabl><attalias Sync="TRUE">Processi_1</attalias><attrtype Sync="TRUE">Integer</attrtype><attwidth Sync="TRUE">10</attwidth><atprecis Sync="TRUE">10</atprecis><attscale Sync="TRUE">0</attscale></attr><attr><attrlabl Sync="TRUE">Area</attrlabl><attalias Sync="TRUE">Area</attalias><attrtype Sync="TRUE">String</attrtype><attwidth Sync="TRUE">254</attwidth><atprecis Sync="TRUE">0</atprecis><attscale Sync="TRUE">0</attscale></attr><attr><attrlabl Sync="TRUE">ORIG_FID</attrlabl><attalias Sync="TRUE">ORIG_FID</attalias><attrtype Sync="TRUE">Integer</attrtype><attwidth Sync="TRUE">10</attwidth><atprecis Sync="TRUE">10</atprecis><attscale Sync="TRUE">0</attscale></attr><attr><attrlabl Sync="TRUE">Shape_Leng</attrlabl><attalias Sync="TRUE">Shape_Leng</attalias><attrtype Sync="TRUE">Double</attrtype><attwidth Sync="TRUE">19</attwidth><atprecis Sync="TRUE">0</atprecis><attscale Sync="TRUE">0</attscale></attr><attr><attrlabl Sync="TRUE">Shape_Area</attrlabl><attalias Sync="TRUE">Shape_Area</attalias><attrtype Sync="TRUE">Double</attrtype><attwidth Sync="TRUE">19</attwidth><atprecis Sync="TRUE">0</atprecis><attscale Sync="TRUE">0</attscale><attrdef Sync="TRUE">Area of feature in internal units squared.</attrdef><attrdefs Sync="TRUE">Esri</attrdefs><attrdomv><udom Sync="TRUE">Positive real numbers that are automatically generated.</udom></attrdomv></attr></detailed></eainfo><mdDateSt Sync="TRUE">20240516</mdDateSt></metadata>
